{
  "timestamp": "2026-03-15T19:25:11.718435",
  "data": {
    "00": 17953,
    "01": 11527,
    "02": 8562,
    "03": 9199,
    "04": 10040,
    "05": 14932,
    "06": 23456,
    "07": 32545,
    "08": 33387,
    "09": 28486,
    "10": 28558,
    "11": 30120,
    "12": 30900,
    "13": 35832,
    "14": 41357,
    "15": 46053,
    "16": 52403,
    "17": 58260,
    "18": 57268,
    "19": 52332,
    "20": 51859,
    "21": 49528,
    "22": 42218,
    "23": 29346
  },
  "summary": {
    "total": 796121,
    "hours": 24,
    "average": 33171.708333333336
  }
}